id,employee_name,employee_age,employee_salary
1403,jumbo1,23,123
1407,a4,24,23000
1408,sas,21,12131
1418,stltest1,23,123
1439,as,9,1
1440,qq,12,12
1441,RahulTest,32,120000
1446,kavitha155555,29,1000
1449,Ivan,23,11220
1471,l,231,1
1472,rocker king,30,999999
1484,white,24,60000
1492,red,24,60000
1507,test235,23,123
1510,asddsa,23,123
1512,JokeR,23,123
1519,test9,23,123
1521,test33,23,123
1529,Mr. Anton,44,12
1531,vj,25,1000000
1532,vijay,35,1000000000
1533,User93,28,499
1534,Pravin,28,12300
1545,Srikanth,28,15000
1547,test123,2345,12345
1560,test2,23,123
1562,Mounir,23,123
1575,tes0t,23,123
1577,test12,23,123
1581,test222222,23,123
1583,tes22t,23,123
1620,test dd,23,123
1627,tesert,25,129
1636,sagar,23,2500
1643,sujjet,23,5600
1655,rahul,23,1422
1685,API Demo,23,123
1687,jay,1,100
1688,Noaman,25,12000
1690,Sachin,23,3233
1691,test,23,123
1692,Mr. X,44,12
1731,test654894,23,123
1732,a,1,1
1737,Ritesg1434,23,123
1740,Akansh,23,123
4891,Ajay,13,123
5215,ABC,93,123
